{"text": " I am Ahmad. I study in Fas Chiniyot, Faisalabad campus. I am from Chiniyot. I love politics.", "segments": [{"id": 0, "seek": 0, "start": 0.0, "end": 4.42, "text": " I am Ahmad. I study in Fas Chiniyot, Faisalabad campus. I am from Chiniyot. I love politics.", "tokens": [50365, 286, 669, 35911, 13, 286, 2979, 294, 479, 296, 4430, 4727, 310, 11, 479, 1527, 304, 32776, 4828, 13, 286, 669, 490, 4430, 4727, 310, 13, 286, 959, 7341, 13, 50586], "temperature": 0.0, "avg_logprob": -0.2627420425415039, "compression_ratio": 1.0952380952380953, "no_speech_prob": 5.085354012890342e-11}], "language": "en"}